City_ID,City,Country,Lat,Lng,Max Temp,Humidity,Cloudiness,Wind Speed,Current Description
0,Hermanus,ZA,-34.4187,19.2345,54.9,58,4,8.21,clear sky
1,Buraydah,SA,26.326,43.975,88.25,19,67,9.4,broken clouds
2,Longyearbyen,SJ,78.2186,15.6401,24.64,58,20,10.36,few clouds
3,Coron,PH,11.9986,120.2043,88.14,60,96,3.44,overcast clouds
4,Qaanaaq,GL,77.484,-69.3632,22.55,81,100,3.53,overcast clouds
5,Puerto Ayora,EC,-0.7393,-90.3518,74.55,87,22,5.99,few clouds
6,Huilong,CN,31.8111,121.655,67.03,88,100,13.0,heavy intensity rain
7,Saint-Francois,FR,46.4154,3.9054,47.64,81,0,4.61,clear sky
8,Kapaa,US,22.0752,-159.319,79.2,67,21,1.01,few clouds
9,Hanover,DE,52.3705,9.7332,52.02,94,98,6.62,overcast clouds
10,Mataura,NZ,-46.1927,168.8643,49.48,66,7,2.21,clear sky
11,Cherskiy,RU,68.75,161.3,38.82,58,64,2.71,broken clouds
12,Isangel,VU,-19.55,169.2667,78.91,67,75,12.15,broken clouds
13,Pampas,PE,-12.4,-74.9,48.16,95,100,2.26,overcast clouds
14,Tiksi,RU,71.6872,128.8694,29.14,78,98,4.05,overcast clouds
15,Punta Arenas,CL,-53.15,-70.9167,33.91,90,0,5.48,clear sky
16,Sur,OM,22.5667,59.5289,88.3,46,1,6.8,clear sky
17,Kodiak,US,57.79,-152.4072,48.61,75,85,6.91,overcast clouds
18,Coos Bay,US,43.3665,-124.2179,60.06,72,75,6.91,broken clouds
19,Touros,BR,-5.1989,-35.4608,76.1,81,2,12.03,clear sky
20,Tres Arroyos,AR,-38.3739,-60.2798,51.96,80,100,17.36,light rain
21,Grindavik,IS,63.8424,-22.4338,40.95,82,20,9.57,few clouds
22,Tahlequah,US,35.9154,-94.97,73.04,78,1,0.0,clear sky
23,Bahia Blanca,AR,-38.7196,-62.2724,51.24,88,100,9.4,overcast clouds
24,Hobart,AU,-42.8794,147.3294,60.26,72,20,1.99,few clouds
25,Hilo,US,19.7297,-155.09,90.28,85,90,5.75,overcast clouds
26,Khatanga,RU,71.9667,102.5,32.77,98,100,6.26,overcast clouds
27,Busselton,AU,-33.65,115.3333,54.05,59,77,12.95,broken clouds
28,Howard Springs,AU,-12.497,131.047,86.83,47,7,5.79,clear sky
29,Faanui,PF,-16.4833,-151.75,81.55,69,0,11.45,clear sky
30,Los Llanos De Aridane,ES,28.6585,-17.9182,65.12,72,75,25.19,broken clouds
31,Ushuaia,AR,-54.8,-68.3,37.06,93,40,1.14,scattered clouds
32,Upernavik,GL,72.7868,-56.1549,24.66,92,55,8.72,broken clouds
33,Bluff,NZ,-46.6,168.3333,49.8,72,0,12.41,clear sky
34,Payo,ID,-3.7508,103.6372,83.08,68,62,0.89,broken clouds
35,Paragominas,BR,-2.9667,-47.4833,73.18,87,52,3.29,broken clouds
36,Vangaindrano,MG,-23.35,47.6,65.95,86,100,2.62,light rain
37,Inirida,CO,3.8653,-67.9239,75.87,96,100,1.7,moderate rain
38,Salisbury,GB,51.0693,-1.7957,45.43,92,20,6.17,few clouds
39,Tasiilaq,GL,65.6145,-37.6368,27.19,92,100,3.27,overcast clouds
40,Anadyr,RU,64.75,177.4833,43.3,90,40,3.58,scattered clouds
41,Avarua,CK,-21.2078,-159.775,80.65,65,20,13.8,few clouds
42,Bredasdorp,ZA,-34.5322,20.0403,47.28,75,8,4.54,clear sky
43,Georgetown,MY,5.4112,100.3354,84.88,75,20,2.3,few clouds
44,Mahajanga,MG,-15.7167,46.3167,68.02,77,20,4.61,few clouds
45,San Cristobal,VE,7.7669,-72.225,73.58,91,100,2.71,overcast clouds
46,Vila Franca Do Campo,PT,37.7167,-25.4333,55.81,67,7,3.91,clear sky
47,Pitimbu,BR,-7.4706,-34.8086,75.79,75,11,9.19,few clouds
48,Atuona,PF,-9.8,-139.0333,80.02,71,18,17.34,few clouds
49,Lompoc,US,34.6391,-120.4579,67.57,75,20,12.64,few clouds
50,Valleyview,CA,55.0667,-117.2859,71.64,17,100,10.36,overcast clouds
51,Eregli,TR,37.5133,34.0467,48.0,83,89,5.1,overcast clouds
52,Dudinka,RU,69.4058,86.1778,37.67,100,100,22.46,light rain
53,Saint-Philippe,RE,-21.3585,55.7679,69.39,66,69,10.67,broken clouds
54,Ayagoz,KZ,47.9714,80.4392,63.43,52,0,15.82,clear sky
55,Strezhevoy,RU,60.7333,77.5889,66.18,53,35,11.21,scattered clouds
56,Roald,NO,62.5833,6.1333,49.91,100,75,6.91,broken clouds
57,Half Moon Bay,US,37.4636,-122.4286,72.54,82,90,9.22,overcast clouds
58,Vao,NC,-22.6667,167.4833,71.46,64,3,12.57,clear sky
59,Kajaani,FI,64.2273,27.7285,37.45,93,90,5.75,overcast clouds
60,Sinnamary,GF,5.3833,-52.95,77.56,92,49,10.71,light rain
61,Kavaratti,IN,10.5669,72.642,82.15,75,100,8.03,overcast clouds
62,Saskylakh,RU,71.9167,114.0833,33.19,94,29,8.84,scattered clouds
63,Iqaluit,CA,63.7506,-68.5145,17.33,78,75,13.0,light snow
64,Chokurdakh,RU,70.6333,147.9167,30.25,87,84,6.26,broken clouds
65,Ambilobe,MG,-13.2,49.05,66.09,85,10,3.33,clear sky
66,Clyde River,CA,70.4692,-68.5914,16.03,92,90,3.44,overcast clouds
67,Ishigaki,JP,24.3448,124.1572,86.13,79,75,12.66,broken clouds
68,Ust-Nera,RU,64.5667,143.2,43.14,71,100,2.19,light rain
69,Kavieng,PG,-2.5744,150.7967,84.6,71,92,0.11,light rain
70,Yumen,CN,40.2833,97.2,53.56,15,0,3.78,clear sky
71,Coahuayana,MX,18.7333,-103.6833,75.67,72,0,1.81,clear sky
72,Airai,TL,-8.9266,125.4092,72.68,48,32,2.68,scattered clouds
73,Tursunzoda,TJ,38.5144,68.2333,61.68,49,47,4.92,scattered clouds
74,Salalah,OM,17.0151,54.0924,79.39,81,12,0.92,few clouds
75,Portland,US,45.5234,-122.6762,70.36,58,18,1.01,few clouds
76,Honiara,SB,-9.4333,159.95,84.18,81,100,5.99,overcast clouds
77,Albany,US,42.6001,-73.9662,75.63,49,50,1.01,scattered clouds
78,Kapiri Mposhi,ZM,-13.9652,28.6809,52.11,71,0,6.02,clear sky
79,East London,ZA,-33.0153,27.9116,55.33,65,2,8.93,clear sky
80,Butaritari,KI,3.0707,172.7902,83.39,81,100,18.75,light rain
81,Port Elizabeth,ZA,-33.918,25.5701,48.49,71,0,6.91,clear sky
82,Carnarvon,AU,-24.8667,113.6333,75.27,60,79,11.5,broken clouds
83,Chumphon,TH,10.3333,98.8333,79.38,92,100,2.24,overcast clouds
84,Castro,BR,-24.7911,-50.0119,62.04,97,100,8.08,overcast clouds
85,Kruisfontein,ZA,-34.0033,24.7314,49.37,60,16,6.76,few clouds
86,Sladkovo,RU,55.5284,70.3385,70.83,55,78,8.57,broken clouds
87,Tuatapere,NZ,-46.1333,167.6833,49.82,62,0,2.06,clear sky
88,Geraldton,AU,-28.7667,114.6,66.61,63,40,13.85,scattered clouds
89,Nikolskoye,RU,59.7035,30.7861,44.49,96,81,4.41,broken clouds
90,Thompson,CA,55.7435,-97.8558,53.76,30,1,5.75,clear sky
91,Angostura,MX,25.3667,-108.1833,80.01,54,1,5.73,clear sky
92,Massakory,TD,12.996,15.7293,88.21,16,66,6.11,broken clouds
93,Jonuta,MX,18.0833,-92.1333,78.49,81,29,3.8,scattered clouds
94,Katsuura,JP,35.1333,140.3,72.23,75,67,13.02,broken clouds
95,Jamestown,US,42.097,-79.2353,70.92,95,59,6.91,broken clouds
96,Cabedelo,BR,-6.9811,-34.8339,75.87,78,0,9.73,clear sky
97,Torbay,CA,47.6666,-52.7314,55.49,94,75,21.85,broken clouds
98,Abong Mbang,CM,3.9833,13.1833,67.55,99,100,1.72,overcast clouds
99,Tuktoyaktuk,CA,69.4541,-133.0374,39.2,75,75,16.11,broken clouds
100,Micco,US,27.8806,-80.5003,76.08,72,32,1.01,scattered clouds
101,Ixtapa,MX,20.7,-105.2,79.23,79,1,4.0,clear sky
102,Leningradskiy,RU,69.3833,178.4167,32.77,92,100,12.35,overcast clouds
103,Mbandaka,CD,0.0487,18.2603,68.9,97,67,1.92,broken clouds
104,Ribeira Grande,PT,38.5167,-28.7,59.27,63,21,7.67,few clouds
105,Cape Town,ZA,-33.9258,18.4232,55.11,54,0,4.41,clear sky
106,Turukhansk,RU,65.8167,87.9833,47.66,89,96,14.29,overcast clouds
107,Arlit,NE,18.7369,7.3853,88.48,12,3,10.67,clear sky
108,San Quintin,MX,30.4833,-115.95,58.66,69,0,19.98,clear sky
109,Puerto Cabezas,NI,14.0351,-83.3888,77.79,89,100,8.57,overcast clouds
110,Chuy,UY,-33.6971,-53.4616,52.59,74,54,17.74,broken clouds
111,Tres Lagoas,BR,-20.7511,-51.6783,65.44,98,100,4.97,overcast clouds
112,Obo,CF,5.3998,26.4869,69.21,98,100,6.76,overcast clouds
113,Kaitangata,NZ,-46.2817,169.8464,57.92,60,13,5.46,few clouds
114,Hamilton,US,39.1834,-84.5333,75.09,69,49,3.06,scattered clouds
115,Garissa,KE,-0.4536,39.6401,73.81,79,10,17.11,clear sky
116,Vestmannaeyjar,IS,63.4427,-20.2734,40.86,83,100,9.01,overcast clouds
117,Bengkulu,ID,-3.8004,102.2655,81.66,67,50,1.07,scattered clouds
118,Palmer,US,42.1584,-72.3287,77.47,57,40,6.6,scattered clouds
119,Yulara,AU,-25.2406,130.9889,67.84,32,40,6.91,scattered clouds
120,Alofi,NU,-19.0595,-169.9187,80.49,89,90,6.91,light rain
121,Zhaotong,CN,27.3167,103.7167,57.0,91,100,5.19,overcast clouds
122,Banepa,NP,27.6298,85.5214,71.92,70,20,2.39,few clouds
123,Kenai,US,60.5544,-151.2583,47.01,72,21,6.89,few clouds
124,Magistralnyy,RU,56.1725,107.4458,52.39,34,57,9.55,broken clouds
125,Port Blair,IN,11.6667,92.75,78.84,89,75,5.75,broken clouds
126,Hithadhoo,MV,-0.6,73.0833,84.29,69,100,12.01,overcast clouds
127,Coquimbo,CL,-29.9533,-71.3436,56.93,60,0,5.5,clear sky
128,Rikitea,PF,-23.1203,-134.9692,76.23,71,1,13.33,clear sky
129,Bowen,AU,-20.0167,148.2333,75.42,71,11,16.15,few clouds
130,Port Antonio,JM,18.18,-76.4612,80.51,80,9,4.21,clear sky
131,Luba,GQ,3.4568,8.5547,76.89,84,74,4.68,broken clouds
132,Paso Del Macho,MX,18.9667,-96.7167,77.81,82,54,2.98,broken clouds
133,Codrington,AU,-38.2667,141.9667,64.76,37,4,10.11,clear sky
134,Souillac,MU,-20.5167,57.5167,70.36,75,75,17.29,light rain
135,Les Cayes,HT,18.2,-73.75,77.95,75,58,4.97,broken clouds
136,Goderich,CA,43.7501,-81.7165,70.12,78,37,5.75,scattered clouds
137,Sao Joao Da Barra,BR,-21.6403,-41.0511,74.5,76,90,6.51,overcast clouds
138,Barrow,US,71.2906,-156.7887,33.82,93,90,5.75,overcast clouds
139,Savalou,BJ,7.9281,1.9756,76.75,89,100,2.82,overcast clouds
140,Saldanha,ZA,-33.0117,17.9442,57.22,51,100,8.41,overcast clouds
141,Cayenne,GF,4.9333,-52.3333,77.09,90,75,1.01,heavy intensity rain
142,Pokhara,NP,28.2333,83.9833,78.39,56,0,2.28,clear sky
143,Neyshabur,IR,36.2133,58.7958,69.3,22,7,3.91,clear sky
144,Port Alfred,ZA,-33.5906,26.891,54.95,68,0,9.98,clear sky
145,Hailar,CN,49.2,119.7,47.32,65,51,25.19,light rain
146,Nanortalik,GL,60.1432,-45.2371,34.23,69,100,4.74,overcast clouds
147,Svetlogorsk,BY,52.6333,29.7333,51.17,95,100,12.1,light rain
148,Nome,US,64.5011,-165.4064,36.1,77,87,10.02,overcast clouds
149,Sangar,RU,63.9242,127.4739,48.88,30,2,10.78,clear sky
150,Kalmunai,LK,7.4167,81.8167,81.72,72,100,5.66,overcast clouds
151,Clarence Town,AU,-32.5833,151.7833,68.94,65,46,3.62,scattered clouds
152,Taoudenni,ML,22.6783,-3.9836,93.36,21,2,7.78,clear sky
153,New Norfolk,AU,-42.7826,147.0587,59.92,63,12,1.01,few clouds
154,Khani,GE,41.9563,42.9566,51.37,99,100,3.02,overcast clouds
155,Terrace,CA,54.5163,-128.6035,60.71,58,75,6.91,broken clouds
156,Cap-Aux-Meules,CA,47.3821,-61.8597,53.62,87,90,21.85,overcast clouds
157,Oyek,RU,52.5861,104.4556,46.78,54,73,13.71,light rain
158,Matara,LK,5.9485,80.5353,81.43,84,100,11.99,overcast clouds
159,Impfondo,CG,1.6381,18.0667,70.11,97,93,2.06,overcast clouds
160,Talpa,MX,28.8257,-111.6257,91.58,26,0,1.99,clear sky
161,Deputatskiy,RU,69.3,139.9,27.3,92,100,4.83,light snow
162,Decin,CZ,50.7822,14.2148,49.17,89,49,4.18,scattered clouds
163,Pevek,RU,69.7008,170.3133,31.42,86,100,3.09,overcast clouds
164,Marzuq,YE,14.4,46.4667,76.23,16,4,5.93,clear sky
165,Waitati,NZ,-45.75,170.5667,55.44,46,0,2.8,clear sky
166,Takoradi,GH,4.8845,-1.7554,79.38,87,100,4.88,light rain
167,Kachiry,KZ,53.0675,76.1036,74.57,36,87,10.22,overcast clouds
168,Canon City,US,38.441,-105.2424,67.42,55,1,8.99,clear sky
169,Rio Gallegos,AR,-51.6226,-69.2181,39.25,93,75,3.44,broken clouds
170,Nabire,ID,-3.3667,135.4833,86.5,63,77,4.09,broken clouds
171,San Juan Del Sur,NI,11.2529,-85.8705,82.74,73,64,22.41,broken clouds
172,Severo-Yeniseyskiy,RU,60.3725,93.0408,42.55,92,100,6.76,light rain
173,Hasaki,JP,35.7333,140.8333,75.29,70,30,11.59,scattered clouds
174,Kotido,UG,2.9806,34.1331,67.41,80,51,4.94,broken clouds
175,Mar Del Plata,AR,-38.0023,-57.5575,57.22,61,90,30.0,moderate rain
176,Oriximina,BR,-1.7656,-55.8661,76.6,88,77,3.85,broken clouds
177,Dikson,RU,73.5069,80.5464,34.0,97,100,21.79,light rain
178,Mahebourg,MU,-20.4081,57.7,70.25,88,75,9.22,broken clouds
179,Poum,NC,-20.2333,164.0167,74.75,65,1,10.69,clear sky
180,Wahpeton,US,46.2652,-96.6059,65.21,72,75,18.41,broken clouds
181,Hofn,IS,64.2539,-15.2082,40.62,77,100,13.73,overcast clouds
182,Yellowknife,CA,62.456,-114.3525,59.29,54,75,8.05,broken clouds
183,Severo-Kurilsk,RU,50.6789,156.125,45.12,67,8,2.21,clear sky
184,Balkhash,KZ,46.844,74.9804,66.81,42,0,22.37,clear sky
185,Luderitz,NA,-26.6481,15.1594,68.41,41,36,7.72,scattered clouds
186,Klaksvik,FO,62.2266,-6.589,40.12,74,30,2.39,scattered clouds
187,Buala,SB,-8.145,159.5921,83.32,78,100,6.22,moderate rain
188,Korla,CN,41.7597,86.1469,67.24,25,0,2.66,clear sky
189,Pathankot,IN,32.2833,75.65,81.66,34,100,7.85,overcast clouds
190,Juneau,US,58.3019,-134.4197,48.2,98,90,5.01,light rain
191,Lac Du Bonnet,CA,50.2536,-96.0612,48.58,89,93,5.97,overcast clouds
192,Jha Jha,IN,24.7667,86.3667,91.83,39,14,3.67,few clouds
193,Karratha,AU,-20.7377,116.8463,80.22,20,35,4.99,scattered clouds
194,Norman Wells,CA,65.282,-126.8329,59.04,47,90,8.05,overcast clouds
195,Ternate,ID,0.8,127.4,82.98,75,46,4.72,scattered clouds
196,San Carlos,VE,9.6612,-68.5827,78.6,71,31,2.91,scattered clouds
197,Bantou,CN,26.2151,117.4893,88.72,64,23,4.85,few clouds
198,Vaitape,PF,-16.5167,-151.75,81.55,69,1,11.36,clear sky
199,Visnes,NO,59.3556,5.2242,49.21,93,75,5.75,broken clouds
200,Lloydminster,CA,53.2835,-110.0016,60.48,29,20,14.97,few clouds
201,Benin,BJ,9.5,2.25,74.12,91,100,8.14,overcast clouds
202,Abha,SA,18.2164,42.5053,66.02,63,0,2.39,clear sky
203,Senador Jose Porfirio,BR,-2.5908,-51.9542,75.34,92,98,1.86,overcast clouds
204,Suntar,RU,62.1444,117.6319,57.7,24,33,2.04,scattered clouds
205,Ende,ID,-8.8432,121.6623,84.54,67,16,3.91,few clouds
206,Venado Tuerto,AR,-33.7456,-61.9688,52.79,86,100,19.48,overcast clouds
207,Sakakah,SA,29.9697,40.2064,72.97,26,0,11.27,clear sky
208,Bellevue,US,47.6104,-122.2007,65.89,68,49,1.99,scattered clouds
209,Sorata,BO,-15.7667,-68.6333,42.66,90,61,1.86,broken clouds
210,Makakilo City,US,21.3469,-158.0858,79.68,61,46,8.37,scattered clouds
211,Ransang,PH,8.9603,117.5828,85.86,69,100,3.89,overcast clouds
212,Bayan,CN,46.0833,127.4,76.66,44,100,21.14,moderate rain
213,Hermiston,US,45.8404,-119.2895,66.18,47,14,5.99,few clouds
214,Asau,RO,46.4333,26.4,56.32,75,100,4.88,overcast clouds
215,Ancud,CL,-41.8697,-73.8203,53.22,89,100,13.35,light rain
216,Urumqi,CN,43.801,87.6005,65.35,35,0,2.26,clear sky
217,Taywarah,AF,33.35,64.4167,45.19,42,0,4.97,clear sky
218,Houma,US,29.5958,-90.7195,75.99,80,1,9.22,clear sky
219,Iquique,CL,-20.2208,-70.1431,62.64,78,99,0.6,overcast clouds
220,Arraial Do Cabo,BR,-22.9661,-42.0278,73.71,76,100,1.99,overcast clouds
221,Itupiranga,BR,-5.1347,-49.3267,74.41,93,100,1.32,overcast clouds
222,Kloulklubed,PW,7.0419,134.2556,83.07,74,100,5.79,overcast clouds
223,Moose Factory,CA,51.2585,-80.6094,33.8,93,90,11.5,light snow
224,Lavrentiya,RU,65.5833,-171.0,33.21,88,26,1.77,scattered clouds
225,Hambantota,LK,6.1241,81.1185,79.14,77,40,18.37,scattered clouds
226,Santa Rita,BR,-7.1139,-34.9781,75.87,100,20,3.44,few clouds
227,Hemnesberget,NO,66.2333,13.6333,41.58,74,100,8.28,overcast clouds
228,Batouri,CM,4.4333,14.3667,67.23,99,86,2.42,overcast clouds
229,Sungairaya,ID,0.7,108.9,84.87,70,91,3.85,overcast clouds
230,Tamandare,BR,-8.7597,-35.1047,78.3,67,61,7.07,broken clouds
231,Vila,PT,42.0304,-8.1588,42.33,93,0,2.95,clear sky
232,Lata,PT,40.1629,-8.3327,50.05,92,0,2.73,clear sky
233,Manzhouli,CN,49.6,117.4333,51.91,43,83,10.96,light rain
234,San Patricio,US,28.017,-97.5169,78.84,84,100,14.97,overcast clouds
235,Ugoofaaru,MV,5.6667,73.0,84.09,76,100,18.84,overcast clouds
236,Gavardo,IT,45.5894,10.4426,59.74,89,100,2.51,overcast clouds
237,Mutare,ZW,-18.9707,32.6709,54.39,94,68,1.03,light rain
238,Uyaan,PH,7.8631,124.0411,75.76,64,38,2.19,scattered clouds
239,Chumikan,RU,54.7183,135.315,34.61,98,100,11.88,light rain
240,Sovetskiy,RU,61.3614,63.5842,59.68,70,4,11.68,clear sky
241,Poykovskiy,RU,61.2333,73.3333,61.09,84,40,11.68,moderate rain
242,Bilibino,RU,68.0546,166.4372,34.72,74,97,3.0,overcast clouds
243,Yucca Valley,US,34.1142,-116.4322,68.14,32,6,4.0,clear sky
244,Manokwari,ID,-0.8667,134.0833,83.32,76,74,2.98,broken clouds
245,Rio Grande,BR,-32.035,-52.0986,56.95,63,29,21.03,scattered clouds
246,Bethel,US,41.3712,-73.414,76.93,78,100,6.11,overcast clouds
247,Havre-Saint-Pierre,CA,50.2334,-63.5986,46.76,100,90,0.0,overcast clouds
248,Vardo,NO,70.3705,31.1107,34.41,60,100,17.38,overcast clouds
249,Tynset,NO,62.2759,10.7824,38.82,95,97,4.63,overcast clouds
250,Fairbanks,US,64.8378,-147.7164,53.38,55,91,1.01,overcast clouds
251,Sulangan,PH,11.1373,123.7228,84.06,69,1,5.41,clear sky
252,Cheyenne,US,41.14,-104.8203,53.83,97,75,6.91,broken clouds
253,Pithoragarh,IN,29.5833,80.2167,64.83,65,0,2.73,clear sky
254,Batagay-Alyta,RU,67.8006,130.4114,35.87,55,98,3.89,overcast clouds
255,Tombouctou,ML,20.0,-3.0,89.78,21,2,8.28,clear sky
256,Shache,CN,38.4167,77.2406,69.06,29,100,9.19,overcast clouds
257,Aberdeen,GB,57.1437,-2.0981,42.21,93,75,1.14,broken clouds
258,Road Town,VG,18.4167,-64.6167,82.44,78,40,13.8,scattered clouds
259,Suf,JO,32.3137,35.8371,54.72,91,22,7.4,few clouds
260,Araouane,ML,18.9048,-3.5265,90.68,29,6,10.98,clear sky
261,Zhigansk,RU,66.7697,123.3711,42.19,44,35,0.47,scattered clouds
262,Chardara,KZ,41.2547,67.9692,70.83,42,87,2.28,overcast clouds
263,Alappuzha,IN,9.49,76.3264,80.33,82,99,3.15,overcast clouds
264,Sukhobezvodnoye,RU,57.0491,44.8891,50.11,75,57,4.99,broken clouds
265,Te Anau,NZ,-45.4167,167.7167,51.01,70,4,0.58,clear sky
266,Meulaboh,ID,4.1363,96.1285,81.46,74,96,1.43,overcast clouds
267,Vaini,TO,-21.2,-175.2,82.56,83,75,9.22,light rain
268,Hovd,MN,48.0056,91.6419,51.96,25,11,0.13,few clouds
269,Poronaysk,RU,49.2167,143.1167,49.78,77,56,7.2,broken clouds
270,Fort Atkinson,US,42.9289,-88.8371,75.88,93,0,7.7,clear sky
271,Lebu,CL,-37.6167,-73.65,50.61,88,11,7.63,few clouds
272,Rovinj,HR,45.08,13.64,64.22,92,100,15.75,overcast clouds
273,Lorengau,PG,-2.0226,147.2712,86.41,68,94,6.55,overcast clouds
274,Yenagoa,NG,4.9247,6.2642,72.68,96,98,3.67,overcast clouds
275,Guerrero Negro,MX,27.9769,-114.0611,60.78,62,0,21.79,clear sky
276,Manaure,CO,11.7751,-72.4445,81.34,76,100,19.77,overcast clouds
277,Mazatlan,MX,23.2167,-106.4167,78.91,79,7,1.99,clear sky
278,Hami,CN,42.8,93.45,62.65,13,1,10.78,clear sky
279,Ozinki,RU,51.1786,49.6769,68.36,45,46,7.54,scattered clouds
280,Kopavogur,IS,64.1123,-21.913,41.31,75,40,3.44,scattered clouds
281,Saint George,US,37.1041,-113.5841,68.59,15,1,5.99,clear sky
282,Marawi,PH,7.9986,124.2928,80.65,67,16,5.17,few clouds
283,Dunedin,NZ,-45.8742,170.5036,53.85,49,0,1.97,clear sky
284,Loubomo,CG,-4.1997,12.6739,70.56,97,98,2.59,overcast clouds
285,Nenjiang,CN,49.1833,125.2167,58.17,57,100,15.64,moderate rain
286,Hailey,US,43.5196,-114.3153,45.73,73,40,0.65,scattered clouds
287,Savannah Bight,HN,16.45,-85.85,82.0,81,69,20.47,broken clouds
288,Nelson Bay,AU,-32.7167,152.15,66.69,73,85,1.99,overcast clouds
289,Pindobacu,BR,-10.7417,-40.3608,67.71,84,100,1.97,overcast clouds
290,Bubaque,GW,11.2833,-15.8333,78.21,75,90,2.35,overcast clouds
291,Muslyumovo,RU,55.3033,53.1947,63.1,94,100,2.73,overcast clouds
292,Samarai,PG,-10.6167,150.6667,80.74,65,100,14.12,overcast clouds
293,Gizo,SB,-8.103,156.8419,82.63,79,100,9.28,moderate rain
294,Loandjili,CG,-4.7561,11.8578,80.71,83,75,5.75,broken clouds
295,Neuquen,AR,-38.9516,-68.0591,44.49,76,0,4.61,clear sky
296,Erdenet,MN,49.0333,104.0833,40.28,39,67,7.49,broken clouds
297,Tigil,RU,57.8,158.6667,43.32,61,100,6.4,overcast clouds
298,Nehe,CN,48.4833,124.8333,53.92,75,100,12.75,light rain
299,Pisco,PE,-13.7,-76.2167,65.01,82,90,10.36,overcast clouds
300,Flinders,AU,-34.5833,150.8552,68.2,70,3,3.0,clear sky
301,Piedras Negras,MX,28.7,-100.5167,87.24,59,27,19.73,scattered clouds
302,Ostrovnoy,RU,68.0531,39.5131,32.4,96,100,24.61,light snow
303,Brae,GB,60.3964,-1.353,39.11,75,8,5.06,clear sky
304,Aksarka,RU,66.5606,67.7975,59.27,68,100,12.57,light rain
305,Avera,US,33.194,-82.5271,71.69,58,100,4.25,overcast clouds
306,Havoysund,NO,70.9963,24.6622,32.88,57,97,8.86,overcast clouds
307,Lagoa,PT,39.05,-27.9833,58.28,63,12,7.07,few clouds
308,Paamiut,GL,61.994,-49.6678,32.0,60,90,6.91,overcast clouds
309,Bandar-E Lengeh,IR,26.5579,54.8807,85.8,59,0,7.31,clear sky
310,Darhan,MN,49.4867,105.9228,47.43,36,98,11.97,overcast clouds
311,Port Hedland,AU,-20.3167,118.5667,82.45,30,29,5.75,scattered clouds
312,Tefe,BR,-3.3542,-64.7114,75.07,98,100,3.0,overcast clouds
313,Marakkanam,IN,12.2,79.95,85.26,65,98,9.26,overcast clouds
314,Constitucion,CL,-35.3333,-72.4167,52.2,74,4,6.85,clear sky
315,Mount Isa,AU,-20.7333,139.5,78.57,36,0,10.36,clear sky
316,Baherden,TM,38.4362,57.4316,81.36,18,0,5.01,clear sky
317,Vondrozo,MG,-22.8167,47.2833,60.06,95,98,1.3,overcast clouds
318,Vostok,RU,46.4856,135.8833,77.36,30,0,3.83,clear sky
319,Niksic,ME,42.7731,18.9445,57.07,56,93,4.36,overcast clouds
320,Newark,US,40.7357,-74.1724,82.92,49,1,1.01,clear sky
321,Cabo San Lucas,MX,22.8909,-109.9124,86.81,57,96,15.35,overcast clouds
322,Port Hawkesbury,CA,45.6169,-61.3485,53.73,86,90,5.01,light rain
323,Westport,US,41.1415,-73.3579,80.85,83,100,8.43,overcast clouds
324,Qorveh,IR,35.1664,47.8045,57.56,49,3,5.68,clear sky
325,Sosnovka,RU,56.255,51.2842,55.94,90,100,3.29,light rain
326,Sibolga,ID,1.7427,98.7792,83.95,64,93,0.63,overcast clouds
327,Aketi,CD,2.7388,23.7833,69.28,99,100,2.3,overcast clouds
328,Ardakan,IR,32.31,54.0175,75.58,13,46,2.19,scattered clouds
329,Waipawa,NZ,-41.4122,175.5153,54.45,71,100,10.25,overcast clouds
330,Provideniya,RU,64.3833,-173.3,38.62,71,83,5.3,broken clouds
331,Bambous Virieux,MU,-20.3428,57.7575,70.21,74,75,17.52,broken clouds
332,Lincoln,US,40.8,-96.667,75.27,79,1,3.0,clear sky
333,Saint-Pierre,RE,-21.3393,55.4781,69.48,66,75,8.05,broken clouds
334,Caravelas,BR,-17.7125,-39.2481,73.89,79,100,7.38,overcast clouds
335,Brasilia,BR,-15.7797,-47.9297,67.12,73,0,2.3,clear sky
336,Itarema,BR,-2.9248,-39.9167,77.9,80,40,10.54,scattered clouds
337,Rosita,NI,13.9268,-84.4032,73.44,98,92,2.15,overcast clouds
338,Egvekinot,RU,66.3167,-179.1667,29.34,98,97,2.91,overcast clouds
339,Sarmanovo,RU,55.2553,52.5891,59.68,95,100,2.77,overcast clouds
340,Shubarkuduk,KZ,49.1447,56.4872,69.58,33,53,7.85,broken clouds
341,Tacoronte,ES,28.4769,-16.4102,64.26,94,90,19.57,overcast clouds
342,Carballo,ES,43.213,-8.691,52.86,95,63,2.73,broken clouds
343,Gribanovskiy,RU,51.4579,41.9764,57.09,84,100,9.42,overcast clouds
344,Wattegama,LK,6.7989,81.4808,77.92,76,100,8.14,overcast clouds
345,Malatya,TR,38.5,38.0,55.45,65,75,9.26,broken clouds
346,Ampanihy,MG,-24.7,44.75,60.04,94,99,4.09,overcast clouds
347,Tezu,IN,27.9167,96.1667,86.58,54,4,2.24,light rain
348,Rundu,NA,-17.9333,19.7667,52.38,50,3,6.35,clear sky
349,Kieta,PG,-6.2167,155.6333,84.52,76,100,3.18,light rain
350,Viedma,AR,-40.8135,-62.9967,51.37,77,99,7.4,overcast clouds
351,Quedlinburg,DE,51.7833,11.15,49.64,91,61,6.67,broken clouds
352,Ayan,RU,56.45,138.1667,35.98,93,99,6.08,overcast clouds
353,New Waterford,US,40.8451,-80.6145,71.85,75,74,5.75,broken clouds
354,Oranjemund,NA,-28.55,16.4333,67.41,25,90,14.0,overcast clouds
355,Mehamn,NO,71.0357,27.8492,33.8,58,99,11.21,light rain
356,Mezen,RU,65.8522,44.24,44.46,78,93,12.84,overcast clouds
357,Atasu,KZ,48.6814,71.6433,68.0,46,2,10.29,clear sky
358,Cidreira,BR,-30.1811,-50.2056,58.93,80,0,12.26,clear sky
359,Xichang,CN,27.8964,102.2634,67.41,77,100,5.61,overcast clouds
360,Kupang,ID,-10.1667,123.5833,86.58,62,20,8.05,few clouds
361,Ust-Omchug,RU,61.15,149.6333,36.27,97,100,2.84,light rain
362,Faisalabad,PK,31.4167,73.0833,82.22,39,100,2.04,overcast clouds
363,Wloszczowa,PL,50.8526,19.9659,48.18,94,11,8.3,few clouds
364,Coihaique,CL,-45.5752,-72.0662,44.55,87,75,4.61,light rain
365,Hanzhong,CN,33.0728,107.0303,64.2,61,97,0.67,overcast clouds
366,Alyangula,AU,-13.8483,136.4192,84.07,61,40,13.62,scattered clouds
367,Trairi,BR,-3.2778,-39.2689,78.17,79,39,8.43,scattered clouds
368,Robertsport,LR,6.7533,-11.3686,81.52,78,46,5.53,scattered clouds
369,San Andres,CO,12.5847,-81.7006,82.42,83,75,12.66,broken clouds
370,Eyemouth,GB,55.8713,-2.0901,40.84,78,94,10.74,overcast clouds
371,Bousso,TD,10.4795,16.7117,79.29,57,7,5.28,clear sky
372,Dickinson,US,29.4608,-95.0513,75.97,73,90,3.0,overcast clouds
373,Kattivakkam,IN,13.2167,80.3167,83.07,66,100,9.1,overcast clouds
374,Olafsvik,IS,64.8945,-23.7142,40.71,79,100,16.4,overcast clouds
375,Rapar,IN,23.5667,70.6333,83.68,68,27,13.82,scattered clouds
376,Tautira,PF,-17.7333,-149.15,84.22,77,69,13.85,broken clouds
377,Riyadh,SA,24.6877,46.7219,87.94,14,0,0.0,clear sky
378,Alta,NO,69.9689,23.2717,31.26,69,90,6.91,overcast clouds
379,Kiunga,PG,-6.1219,141.2906,80.13,94,85,1.9,moderate rain
380,Vila Velha,BR,-20.3297,-40.2925,73.94,84,0,3.0,clear sky
381,Riverton,US,40.5219,-111.9391,63.88,29,75,1.99,broken clouds
382,Simplicio Mendes,BR,-7.8539,-41.9103,79.63,54,62,7.87,broken clouds
383,Luganville,VU,-15.5333,167.1667,78.98,67,44,6.02,scattered clouds
384,Srandakan,ID,-7.9386,110.2506,81.95,74,100,3.06,overcast clouds
385,Norman,US,35.2226,-97.4395,71.96,92,90,11.5,overcast clouds
386,Kahului,US,20.8947,-156.47,78.84,80,33,11.99,scattered clouds
387,Glenwood Springs,US,39.5505,-107.3248,67.01,69,46,2.44,scattered clouds
388,Owando,CG,-0.4819,15.8999,71.56,97,100,1.48,overcast clouds
389,Lagos,NG,6.5833,3.75,75.52,88,100,2.59,overcast clouds
390,Gotha,DE,50.9482,10.7019,48.15,80,0,10.76,clear sky
391,Boende,CD,-0.2167,20.8667,71.4,99,100,2.42,overcast clouds
392,Kedrovyy,RU,56.1667,91.8167,48.61,93,100,4.99,overcast clouds
393,Aguimes,ES,27.9054,-15.4461,65.66,68,40,31.07,scattered clouds
394,Solnechnyy,RU,50.7214,136.6319,64.92,64,59,5.55,broken clouds
395,Esperance,AU,-33.8667,121.9,57.04,78,100,11.79,overcast clouds
396,Byron Bay,AU,-28.65,153.6167,74.05,71,11,13.31,few clouds
397,Cuamba,MZ,-14.8031,36.5372,61.34,83,20,6.06,few clouds
398,Katangli,RU,51.7102,143.2326,44.33,79,14,10.09,few clouds
399,Seaford,GB,50.7714,0.1027,46.89,73,10,15.7,clear sky
400,Kosonsoy,UZ,41.2561,71.5508,63.16,37,47,2.66,scattered clouds
401,Zhob,PK,31.3411,69.4481,67.15,49,0,1.79,clear sky
402,Isla Vista,US,34.4133,-119.861,68.25,56,0,4.0,clear sky
403,Umm Lajj,SA,25.0213,37.2685,78.13,65,0,11.32,clear sky
404,Adre,TD,13.4667,22.2,80.71,11,46,14.14,scattered clouds
405,Alugan,PH,12.2188,125.4808,85.08,67,0,6.26,clear sky
406,Berlevag,NO,70.8578,29.0864,34.27,59,100,15.41,overcast clouds
407,Mataram,ID,-8.5833,116.1167,86.81,67,60,1.5,broken clouds
408,Ponta Do Sol,PT,32.6667,-17.1,65.03,78,87,11.32,overcast clouds
409,Pangnirtung,CA,66.1451,-65.7125,8.96,94,100,7.02,overcast clouds
410,Seka,TH,17.9285,103.9552,95.22,52,10,5.66,clear sky
411,Narsaq,GL,60.9167,-46.05,33.17,70,100,6.85,overcast clouds
412,Namibe,AO,-15.1961,12.1522,74.75,65,6,2.19,clear sky
413,Praia Da Vitoria,PT,38.7333,-27.0667,56.75,88,20,6.4,few clouds
414,Rorvik,NO,64.8621,11.2373,47.34,66,97,24.54,overcast clouds
415,Henties Bay,NA,-22.116,14.2845,70.86,33,0,15.03,clear sky
416,Polewali,ID,-3.4324,119.3435,80.02,82,100,1.88,overcast clouds
417,Roebourne,AU,-20.7833,117.1333,80.56,19,23,4.54,few clouds
418,Dingle,PH,10.9995,122.6711,87.08,63,6,5.21,clear sky
419,Quatre Cocos,MU,-20.2078,57.7625,70.09,75,48,17.76,scattered clouds
420,Barmstedt,DE,53.7833,9.7667,50.41,96,79,12.35,broken clouds
421,Ca Mau,VN,9.1769,105.15,77.67,91,100,9.57,overcast clouds
422,High Level,CA,58.5169,-117.136,73.51,32,40,7.54,scattered clouds
423,Aklavik,CA,68.2191,-135.0107,59.72,55,100,15.55,overcast clouds
424,Nyalikungu,TZ,-3.1833,33.7833,61.48,84,97,6.22,overcast clouds
425,Scottsbluff,US,41.8666,-103.6672,50.43,91,100,4.0,overcast clouds
426,Jamame,SO,0.0722,42.7506,76.57,81,24,13.09,few clouds
427,Forst,DE,51.7333,14.6333,49.84,89,6,8.37,clear sky
428,Olinda,BR,-8.0089,-34.8553,78.53,69,40,8.88,scattered clouds
429,Thinadhoo,MV,0.5333,72.9333,83.84,72,98,11.07,overcast clouds
430,Harper,LR,4.375,-7.7169,79.48,82,99,6.49,overcast clouds
431,Waldheim,DE,51.0667,13.0167,48.24,94,54,8.66,broken clouds
432,Santa Isabel Do Rio Negro,BR,-0.4139,-65.0192,75.51,96,94,2.64,heavy intensity rain
433,Nipawin,CA,53.3668,-104.0009,53.64,58,90,5.75,overcast clouds
434,Ningxiang,CN,37.34,111.2052,57.63,33,5,13.13,clear sky
435,Victoria,HK,22.2855,114.1577,91.04,71,92,7.0,overcast clouds
436,Nantucket,US,41.2835,-70.0995,63.61,91,100,14.54,overcast clouds
437,Auki,SB,-8.7676,160.7034,84.49,72,100,4.9,overcast clouds
438,Bangangte,CM,5.1409,10.5198,61.45,98,100,3.0,light rain
439,Odweyne,SO,9.4092,45.064,72.37,69,69,11.95,broken clouds
440,Saryg-Sep,RU,51.5,95.6,43.66,61,100,3.18,overcast clouds
441,Bemidji,US,47.4736,-94.8803,58.05,95,90,6.91,overcast clouds
442,Tecoanapa,MX,16.5167,-98.75,83.86,64,5,5.1,clear sky
443,Linxia,CN,35.6003,103.2064,48.9,68,69,0.63,broken clouds
444,Sindou,BF,10.6667,-5.1667,80.35,60,61,3.94,light rain
445,Smithers,CA,54.7804,-127.1743,64.72,32,20,13.8,few clouds
446,Tenenkou,ML,14.4572,-4.9169,91.62,33,30,9.8,scattered clouds
447,Gamba,GA,-2.65,10.0,76.66,87,100,2.53,overcast clouds
448,Monrovia,LR,6.3005,-10.7969,79.93,81,28,4.88,scattered clouds
449,Mogadishu,SO,2.0371,45.3438,78.67,82,70,21.45,broken clouds
450,Belyy Yar,RU,53.6039,91.3903,48.09,79,0,7.11,clear sky
451,Hurghada,EG,27.2574,33.8129,73.44,46,0,13.8,clear sky
452,Constantine,DZ,36.365,6.6147,67.41,55,0,3.44,clear sky
453,San Pedro,PH,14.35,121.0167,89.35,55,40,7.67,scattered clouds
454,Qasigiannguit,GL,68.8193,-51.1922,25.05,96,100,5.73,light snow
455,Margate,GB,51.3813,1.3862,46.9,81,39,1.01,scattered clouds
456,Taua,BR,-5.9667,-40.3,70.65,76,4,3.69,clear sky
457,Ambulu,ID,-8.345,113.6058,82.15,69,11,1.7,few clouds
458,Eureka,US,40.8021,-124.1637,62.67,74,21,5.99,few clouds
459,Atar,MR,20.5169,-13.0499,82.31,28,0,5.64,clear sky
460,White Rock,CA,49.0164,-122.8026,68.94,66,16,1.99,few clouds
461,Kudahuvadhoo,MV,2.6708,72.8944,83.52,76,100,15.73,light rain
462,Sant Feliu De Guixols,ES,41.7833,3.0333,60.91,22,99,7.72,overcast clouds
463,Platanos,GR,37.6667,21.6167,60.71,64,16,4.85,few clouds
464,Puri,IN,19.8,85.85,85.37,68,81,6.24,broken clouds
465,Zelenoborskiy,RU,66.845,32.3622,31.87,81,99,13.24,overcast clouds
466,Ketrzyn,PL,54.0768,21.3753,43.57,97,1,9.8,clear sky
467,Englewood,US,39.6478,-104.9878,62.82,79,81,1.99,broken clouds
468,Najran,SA,17.4924,44.1277,72.25,51,0,5.91,clear sky
469,Rocha,UY,-34.4833,-54.3333,51.03,81,100,15.23,overcast clouds
470,Chone,EC,-0.6833,-80.1,72.61,91,67,2.95,broken clouds
471,El Rodeo,GT,14.9167,-91.9667,75.2,92,32,2.89,scattered clouds
472,Mercedes,AR,-34.6515,-59.4307,54.64,88,100,24.65,light rain
473,Churapcha,RU,62.0025,132.4325,51.15,29,3,5.86,clear sky
474,Tevaitoa,PF,-16.7833,-151.5,81.16,72,21,11.88,few clouds
475,Fortuna,US,40.5982,-124.1573,64.18,68,75,5.01,broken clouds
476,Garowe,SO,8.4054,48.4845,76.03,71,100,19.24,overcast clouds
477,Kamenka,RU,51.3223,42.7678,58.01,90,100,8.52,overcast clouds
478,Talcahuano,CL,-36.7167,-73.1167,51.48,93,40,3.44,scattered clouds
479,Richards Bay,ZA,-28.783,32.0377,58.77,87,32,3.31,scattered clouds
480,Koygorodok,RU,60.445,50.9968,52.72,61,1,8.19,clear sky
481,Erzin,TR,36.9559,36.2,62.01,67,0,1.77,clear sky
482,Chitral,PK,35.8462,71.7858,60.15,65,100,5.21,light rain
483,Ahipara,NZ,-35.1667,173.1667,58.75,72,100,21.88,overcast clouds
484,Sakaiminato,JP,35.55,133.2333,69.53,69,0,6.11,clear sky
485,Mount Gambier,AU,-37.8333,140.7667,58.91,55,22,13.8,few clouds
486,Aitape,PG,-3.1374,142.3475,85.24,71,100,4.27,overcast clouds
487,Honningsvag,NO,70.9821,25.9704,34.34,58,100,11.12,light snow
488,Desbiens,CA,48.4178,-71.9495,67.03,85,96,8.75,overcast clouds
489,Klyuchi,RU,52.2667,79.1667,72.14,44,5,8.37,clear sky
490,Tepic,MX,21.5,-104.9,66.33,68,0,2.46,clear sky
491,Camacha,PT,33.0833,-16.3333,61.56,63,40,12.66,scattered clouds
492,Coffs Harbour,AU,-30.3,153.1333,70.12,64,4,16.11,clear sky
493,Port Pirie,AU,-33.1833,138.0167,72.18,30,41,10.0,scattered clouds
494,Nogliki,RU,51.8333,143.1667,44.96,79,23,8.7,few clouds
495,Noumea,NC,-22.2763,166.4572,73.38,62,10,7.27,clear sky
496,Sao Filipe,CV,14.8961,-24.4956,72.66,80,8,10.29,clear sky
497,Morondava,MG,-20.2833,44.2833,66.76,66,0,8.95,clear sky
498,Laguna,US,38.421,-121.4238,77.97,35,40,7.0,scattered clouds
499,Findhorn,GB,57.6572,-3.6085,41.34,77,95,5.53,overcast clouds
500,Sola,VU,-13.8833,167.55,79.79,66,98,11.45,overcast clouds
501,Tucuman,AR,-26.8241,-65.2226,50.41,52,0,5.12,clear sky
502,Chipinge,ZW,-20.1883,32.6236,55.13,94,100,7.18,light rain
503,El Real De Santa Maria,PA,8.109,-77.7325,76.42,98,100,0.38,overcast clouds
504,Smiltene,LV,57.4244,25.9016,49.8,98,100,4.05,moderate rain
505,Gualeguay,AR,-33.1416,-59.3097,52.61,91,100,19.95,overcast clouds
506,Zeya,RU,53.75,127.2667,37.78,96,100,8.03,moderate rain
507,Banda Aceh,ID,5.5577,95.3222,82.8,73,100,6.76,light rain
508,Shahr-E Babak,IR,30.1165,55.1186,69.96,15,28,2.1,scattered clouds
509,Colatina,BR,-19.5394,-40.6306,64.22,78,98,1.72,overcast clouds
510,Rawson,AR,-43.3002,-65.1023,51.82,69,3,7.63,clear sky
511,Okhotsk,RU,59.3833,143.3,37.18,88,100,1.5,overcast clouds
512,Krasnoselkup,RU,65.7,82.4667,62.19,64,100,9.55,overcast clouds
513,Mana,GF,5.6592,-53.7767,77.27,92,92,9.57,overcast clouds
514,Adrar,MR,20.5022,-10.0711,86.7,22,1,8.01,clear sky
515,Garachine,PA,8.0647,-78.3628,79.83,87,100,6.46,overcast clouds
516,Binga,ZW,-17.6203,27.3414,61.3,56,2,1.68,clear sky
517,Ascoli Piceno,IT,42.8548,13.5749,60.37,76,77,5.88,broken clouds
518,Rio Grande City,US,26.3798,-98.8203,81.1,72,57,17.74,broken clouds
519,Vero Beach,US,27.6386,-80.3973,75.99,69,44,1.99,scattered clouds
520,Isla Mujeres,MX,21.2311,-86.731,80.17,80,100,16.08,overcast clouds
521,Muroto,JP,33.2833,134.15,68.77,64,3,4.7,clear sky
522,Gravdal,NO,68.1214,13.5031,40.69,69,88,15.05,overcast clouds
523,Camacupa,AO,-12.0167,17.4833,53.15,65,71,4.0,broken clouds
524,Uglegorsk,RU,49.0833,142.0333,54.23,69,48,8.37,scattered clouds
525,Bosaso,SO,11.2842,49.1816,86.7,59,91,2.46,overcast clouds
526,Ukiah,US,39.1502,-123.2078,72.12,38,6,4.0,clear sky
527,Dongsheng,CN,39.8161,109.9776,54.25,12,2,20.33,clear sky
528,Lerwick,GB,60.1545,-1.1494,39.2,77,9,5.91,clear sky
529,Vilhena,BR,-12.7406,-60.1458,70.95,92,100,2.01,overcast clouds
530,Tsiroanomandidy,MG,-18.7667,46.0333,54.77,82,0,2.21,clear sky
531,Panorama,GR,40.5878,23.0315,61.52,69,84,1.01,broken clouds
532,Brigantine,US,39.4101,-74.3646,79.03,71,100,10.47,overcast clouds
533,Ouro Preto,BR,-20.3948,-43.5052,62.94,63,98,3.13,overcast clouds
534,Banjar,ID,-8.19,114.9675,82.26,61,20,1.28,few clouds
535,Mandalgovi,MN,45.7625,106.2708,40.06,33,13,15.35,few clouds
536,La Seyne-Sur-Mer,FR,43.0982,5.8847,63.93,42,61,13.85,broken clouds
537,Kosa,RU,59.9445,54.9977,50.4,80,0,5.57,clear sky
538,Shahrud,IR,36.4182,54.9763,71.67,23,27,4.12,scattered clouds
539,Casino,AU,-28.8667,153.05,69.57,67,25,5.23,scattered clouds
540,Husavik,IS,66.0449,-17.3389,40.91,99,100,9.37,overcast clouds
541,Mananjary,MG,-21.2167,48.3333,68.74,84,88,3.71,light rain
542,Terenos,BR,-20.4422,-54.8603,73.11,94,75,5.46,broken clouds
543,Sorland,NO,67.667,12.6934,42.73,73,100,20.42,overcast clouds
544,Sitka,US,57.0531,-135.33,46.29,87,90,10.36,light rain
545,Bambari,CF,5.768,20.6757,69.85,96,100,3.62,light rain
546,Haukipudas,FI,65.1765,25.3523,37.45,87,97,13.0,light snow
547,Willowmore,ZA,-33.2926,23.4895,44.94,57,2,2.39,clear sky
548,Praya,CV,14.9215,-23.5087,72.14,73,40,11.5,scattered clouds
549,Ocos,GT,14.5094,-92.1933,84.31,74,1,7.16,clear sky
550,Bouca,CF,6.5105,18.2733,69.64,97,100,3.94,overcast clouds
551,Labuhan,ID,-6.8844,112.2051,83.5,70,26,3.51,scattered clouds
552,Washougal,US,45.5826,-122.3534,71.29,65,77,1.99,broken clouds
553,Naze,JP,28.3667,129.4833,68.92,89,100,11.68,overcast clouds
554,Sassandra,CI,4.95,-6.0833,78.6,86,92,5.84,overcast clouds
555,Joshimath,IN,30.5667,79.5667,67.98,38,5,1.52,clear sky
556,Nara,JP,34.6851,135.8049,76.98,55,13,6.17,few clouds
557,Ilhabela,BR,-23.7781,-45.3581,72.59,74,100,4.65,overcast clouds
558,Ruteng,ID,-8.6136,120.4721,70.79,76,56,0.36,broken clouds
559,Lazo,RU,43.3817,133.9014,78.13,40,0,2.75,clear sky
560,Peniche,PT,39.3558,-9.3811,57.61,71,2,17.94,clear sky
561,Chernyshevskiy,RU,63.0128,112.4714,50.5,34,21,4.45,few clouds
562,Faya,SA,18.3851,42.4509,66.31,57,0,2.8,clear sky
563,Unai,BR,-16.3575,-46.9061,72.3,48,100,3.38,overcast clouds
564,Mayo,US,38.8876,-76.5119,82.11,51,100,9.64,overcast clouds
565,Phangnga,TH,8.4509,98.5298,83.82,82,97,3.09,light rain
566,Carutapera,BR,-1.195,-46.02,77.65,90,27,6.6,scattered clouds
567,Lola,GN,7.8,-8.5333,70.23,98,18,2.91,light rain
568,Minab,IR,27.1467,57.0801,80.1,17,0,4.74,clear sky
569,Mahina,PF,-17.5065,-149.489,83.97,75,40,14.74,scattered clouds
570,Ambagarh Chauki,IN,20.7833,80.7167,92.44,24,24,2.8,few clouds
571,Plettenberg Bay,ZA,-34.0527,23.3716,54.93,53,46,5.1,scattered clouds
572,Naryan-Mar,RU,67.6713,53.087,52.34,63,25,14.97,scattered clouds
573,Evensk,RU,61.95,159.2333,42.13,72,17,5.48,few clouds
574,Moshny,UA,49.5147,31.7476,55.42,71,100,6.44,overcast clouds
575,Safaga,EG,26.7292,33.9365,75.04,44,0,20.22,clear sky
576,Nuevo Casas Grandes,MX,30.4167,-107.9167,79.75,16,0,11.99,clear sky
577,Yeppoon,AU,-23.1333,150.7333,76.78,69,32,15.08,scattered clouds
578,Khandbari,NP,27.3747,87.2039,77.83,70,46,1.9,scattered clouds
579,Acajutla,SV,13.5928,-89.8275,84.79,77,70,4.12,broken clouds
580,Tran,BG,42.8353,22.6517,53.8,83,35,3.22,scattered clouds
581,Sao Felix Do Xingu,BR,-6.6447,-51.995,73.11,91,30,1.07,scattered clouds
582,Rum,AT,47.2978,11.4346,47.68,91,75,1.99,light rain
583,Biak,ID,-0.9131,122.8766,80.98,77,83,5.91,broken clouds
584,Neryungri,RU,56.6709,124.6491,42.8,47,100,19.71,overcast clouds
585,Merauke,ID,-8.4667,140.3333,81.1,81,100,14.07,moderate rain
586,Bogorodskoye,RU,56.55,37.8833,49.28,90,0,6.53,clear sky
587,Labuan,MY,5.2767,115.2417,80.76,73,100,7.58,overcast clouds
588,Novyy Urengoy,RU,66.0833,76.6333,56.46,88,100,12.33,light rain
589,Katobu,ID,-4.9408,122.5276,85.48,64,20,3.13,few clouds
590,Umea,SE,63.8284,20.2597,37.33,93,90,8.05,overcast clouds
591,Tambopata,PE,-12.7333,-69.1833,78.39,77,100,0.51,overcast clouds
592,Karsava,LV,56.7841,27.6883,52.05,98,100,9.08,overcast clouds
593,Zhangye,CN,38.9342,100.4517,55.69,24,3,5.3,clear sky
594,Noyabrsk,RU,63.1994,75.4507,62.87,64,100,19.84,overcast clouds
595,Boundiali,CI,9.5217,-6.4869,77.83,68,54,4.52,broken clouds
596,Castlegar,CA,49.2998,-117.6689,62.1,50,91,1.12,overcast clouds
597,Novo Aripuana,BR,-5.1206,-60.3797,75.51,95,100,2.91,overcast clouds
598,Catamarca,AR,-28.4696,-65.7852,52.77,69,7,5.37,clear sky
599,Podor,MR,16.6527,-14.9587,71.11,64,3,11.41,clear sky
600,Comodoro Rivadavia,AR,-45.8667,-67.5,50.92,64,32,5.84,scattered clouds
601,Sederot,IL,31.525,34.5969,67.39,74,5,4.0,clear sky
602,Yar-Sale,RU,66.8333,70.8333,59.16,65,83,13.96,broken clouds
603,Charters Towers,AU,-20.1,146.2667,77.05,49,24,11.5,few clouds
604,Toul,FR,48.6667,5.9167,47.79,81,0,13.8,clear sky
605,Barcelos,PT,41.5388,-8.6151,52.84,86,0,4.12,clear sky
606,Jiangyou,CN,31.7667,104.7167,65.01,80,100,1.83,overcast clouds
607,Tabas,IR,33.5959,56.9244,79.84,14,0,2.73,clear sky
608,Broken Hill,AU,-31.95,141.4333,66.74,38,100,13.11,overcast clouds
609,Christchurch,NZ,-43.5333,172.6333,58.03,74,64,4.0,broken clouds
610,Jacareacanga,BR,-6.2222,-57.7528,74.14,98,100,0.89,overcast clouds
611,Narwar,IN,25.65,77.9,87.39,37,18,0.6,few clouds
612,Malpe,IN,13.35,74.7167,78.1,81,50,1.19,scattered clouds
613,Arman,RU,59.7,150.1667,37.29,87,100,5.14,light rain
614,Irituia,BR,-1.7711,-47.4381,73.8,98,94,3.0,overcast clouds
615,Heiloo,NL,52.6,4.7,48.99,84,82,4.65,broken clouds
616,Kolda,SN,12.8833,-14.95,77.81,60,100,5.59,overcast clouds
617,Havelock,US,34.8791,-76.9013,73.02,80,100,3.0,overcast clouds
618,Tessalit,ML,20.1986,1.0114,92.14,22,6,4.68,clear sky
619,Trogir,HR,43.5125,16.2517,66.79,63,0,13.8,clear sky
620,Qaqortoq,GL,60.7167,-46.0333,34.43,63,100,8.3,overcast clouds
621,Hirara,JP,24.8,125.2833,81.45,87,100,14.88,overcast clouds
622,Beringovskiy,RU,63.05,179.3167,32.04,88,100,4.21,overcast clouds
623,Villanueva De Cordoba,ES,38.3228,-4.6287,58.73,39,100,6.53,overcast clouds
624,Bocana De Paiwas,NI,12.7857,-85.1227,76.93,82,99,11.16,overcast clouds
625,Jinka,ET,5.65,36.65,64.36,75,82,3.44,broken clouds
626,Jumla,NP,29.2747,82.1838,64.04,53,0,1.14,clear sky
627,Sabang,ID,5.8933,95.3214,83.46,75,100,12.3,overcast clouds
628,Gat,IL,31.61,34.7642,66.88,78,14,2.95,few clouds
629,Odoyev,RU,53.9393,36.6864,47.79,86,17,6.89,few clouds
630,Otane,NZ,-39.8833,176.6333,57.0,78,100,9.62,overcast clouds
631,Kartaly,RU,53.0522,60.6467,70.72,42,43,10.69,scattered clouds
632,Launceston,AU,-41.45,147.1667,57.61,78,90,1.99,overcast clouds
633,Talara,PE,-4.5772,-81.2719,68.72,80,56,18.41,broken clouds
634,Samana,DO,19.2056,-69.3369,73.98,90,100,8.57,overcast clouds
635,Fereydunshahr,IR,32.941,50.121,57.15,40,100,4.25,overcast clouds
636,Roma,US,43.2128,-75.4557,71.11,79,12,3.0,few clouds
637,Santa Cruz,BO,-17.8,-63.1667,67.46,38,90,7.74,overcast clouds
638,Duartina,BR,-22.4144,-49.4039,63.05,94,100,6.96,light rain
639,Parabel,RU,58.6978,81.4825,68.09,61,0,7.0,clear sky
640,Hobyo,SO,5.3505,48.5268,78.12,82,100,20.15,overcast clouds
641,San Vicente,AR,-26.6167,-54.1333,50.67,79,81,2.55,broken clouds
642,Suzdal,RU,56.4281,40.4414,49.33,85,12,6.76,few clouds
643,Berezovyy,RU,51.6667,135.7,48.6,87,100,5.12,overcast clouds
644,Pingliang,CN,35.5392,106.6861,58.5,33,59,2.55,broken clouds
645,Jalu,LY,29.0331,21.5482,70.66,26,0,9.51,clear sky
646,Simao,CN,22.7886,100.9748,84.45,47,5,3.8,clear sky
647,Srednekolymsk,RU,67.45,153.6833,44.64,54,28,12.75,scattered clouds
648,Taybad,IR,34.74,60.7756,71.83,21,84,4.92,broken clouds
649,Hudson Bay,CA,52.85,-102.3842,38.43,97,97,6.44,overcast clouds
650,Senanga,ZM,-16.1167,23.2667,55.8,52,3,5.64,clear sky
651,Manturovo,RU,58.3353,44.7619,50.95,75,4,6.76,clear sky
652,Boa Vista,BR,2.8197,-60.6733,78.78,83,75,2.3,broken clouds
653,Davenda,RU,53.5556,119.317,36.75,93,100,14.23,light rain
654,Rusape,ZW,-18.5278,32.1284,51.57,91,79,4.41,broken clouds
655,Grand Forks,US,47.9417,-97.4337,48.13,100,90,12.66,overcast clouds
656,Black Forest,US,39.0131,-104.7008,57.2,67,1,7.0,clear sky
657,Zaraza,VE,9.3503,-65.3245,80.15,72,67,6.51,broken clouds
658,Along,IN,28.1667,94.7667,76.68,86,83,1.16,broken clouds
659,Yaring,TH,6.8662,101.3689,84.15,76,97,8.72,overcast clouds
660,Ewa Beach,US,21.3156,-158.0072,81.09,61,67,11.65,broken clouds
661,Ola,RU,59.5833,151.2833,38.21,78,100,8.75,overcast clouds
662,Den Helder,NL,52.9599,4.7593,48.97,82,75,9.22,broken clouds
663,Huarmey,PE,-10.0681,-78.1522,64.94,84,25,5.91,scattered clouds
664,Nguru,NG,12.8791,10.4526,87.19,45,60,8.66,broken clouds
665,Innisfail,AU,-17.5333,146.0333,76.87,85,94,8.99,overcast clouds
666,San Nicolas,PH,18.1725,120.5953,89.08,59,78,5.41,broken clouds
667,Thunder Bay,CA,48.4001,-89.3168,48.11,95,90,6.91,light rain
668,Sarnia,CA,42.9787,-82.4041,72.95,81,1,11.56,clear sky
669,Nioro,GM,13.35,-15.75,76.42,55,89,4.61,overcast clouds
670,Hun,LY,29.1268,15.9477,77.59,27,0,13.49,clear sky
671,Sorong,ID,-0.8833,131.25,81.86,80,45,4.56,scattered clouds
672,Mega,ET,4.05,38.3,56.98,87,79,14.41,broken clouds
673,Ponta Delgada,PT,37.7333,-25.6667,56.12,67,20,6.91,few clouds
674,Abu Kamal,SY,34.4506,40.9171,68.59,50,0,12.17,clear sky
675,Parsabad,IR,39.6482,47.9174,70.48,61,49,6.69,scattered clouds
676,Fare,PF,-16.7,-151.0167,81.3,70,3,11.9,clear sky
677,Farafangana,MG,-22.8167,47.8333,70.38,74,100,2.95,light rain
678,Sona,IT,45.4388,10.8255,60.26,81,100,2.77,overcast clouds
679,Teguldet,RU,57.3064,88.1667,52.54,83,100,6.82,overcast clouds
680,Almaznyy,RU,48.0448,40.045,59.14,92,100,6.87,light rain
681,Mampong,GH,7.0627,-1.4001,71.35,97,100,4.21,overcast clouds
682,Colonelganj,IN,27.1333,81.7,88.03,42,0,2.42,clear sky
683,Pandan,PH,14.0453,124.1694,85.62,66,0,5.35,clear sky
684,Katherine,AU,-14.4667,132.2667,86.32,37,5,13.06,clear sky
685,Hammerfest,NO,70.6634,23.6821,32.45,69,90,3.44,overcast clouds
686,Drayton Valley,CA,53.2168,-114.9854,55.9,63,1,11.72,clear sky
687,Bonthe,SL,7.5264,-12.505,78.48,85,100,1.86,moderate rain
688,Banamba,ML,13.55,-7.45,89.51,19,13,4.68,few clouds
689,Caohai,CN,26.8661,104.2841,53.6,90,100,6.06,overcast clouds
690,Camopi,GF,3.1655,-52.3158,72.77,99,100,1.95,overcast clouds
691,Northam,GB,51.0333,-4.2167,49.3,87,100,10.8,overcast clouds
692,Praia,CV,14.9215,-23.5087,72.14,73,40,12.66,scattered clouds
693,Kindu,CD,-2.95,25.95,70.0,92,94,0.56,overcast clouds
694,Niamtougou,TG,9.7681,1.1053,74.28,76,90,5.21,overcast clouds
695,Canutama,BR,-6.5339,-64.3831,75.79,95,100,2.28,overcast clouds
696,Tabou,CI,4.423,-7.3528,79.66,82,100,7.02,overcast clouds
697,Borodino,RU,55.9106,94.8983,46.0,81,100,5.46,light rain
698,Murgab,TM,37.4966,61.9714,77.32,15,0,2.98,clear sky
699,Lodja,CD,-3.4833,23.4333,69.62,96,100,1.5,overcast clouds
700,Le Passage,FR,44.2014,0.6028,50.65,93,0,0.0,clear sky
